2026-05-03 11:44:22|::1|Илья|Chikindin|89027655769|chikindi66@bk.ru|1:Бизнес|1:WebMoney|yes|0
2026-05-03 11:44:22|::1|Илья|Chikindas|89027655769|chikindi66@bk.ru|1:Бизнес|1:WebMoney|yes|1
2026-05-03 11:44:22|::1|Илья|Chikasgassn|89027655769|chikindi66@bk.ru|1:Бизнес|1:WebMoney|yes|1
2026-05-03 11:44:22|::1|Илья|Chiksfsadin|89027655769|chikindi66@bk.ru|1:Бизнес|1:WebMoney|yes|1
2026-05-03 11:44:22|::1|Илья|Chiasfindin|89027655769|chikindi66@bk.ru|1:Бизнес|1:WebMoney|yes|1
2026-05-03 11:56:48|::1|Илья|Чикиндин|89027655769|chikindi66@bk.ru|2:Технологии|2:Яндекс.Деньги|yes|1
2026-05-03 11:57:57|::1|Sergey|FSdhsD|89027655769|chikindi66@bk.ru|1:Бизнес|1:WebMoney|yes|0
2026-05-05 02:53:05|::1|jakgd|ahkjghj|89027655769|chikindi66@bk.ru|2:Технологии|2:Яндекс.Деньги|no|0
2026-05-05 02:56:02|::1|dh|adfhd|89027655769|chikindi66@bk.ru|1:Бизнес|1:WebMoney|yes|0
2026-05-05 03:02:31|::1|asf|asfasg|89027655769|chikindi66@bk.ru|1:Бизнес|1:WebMoney|no|0
2026-05-05 03:03:27|::1|agasdg|asgasg|89027655769|chikindi66@bk.ru|2:Технологии|1:WebMoney|yes|0
